Model,MAE,RMSE,R2
Linear Regression,11119.603363062493,14509.076705356618,0.005473437121049085
Random Forest Regressor,5616.811140081854,9088.695034653932,0.6097527097000575
